id,title,price,promo_price,url
71360,Конструктор LEGO Super Mario Приключения вместе с Марио ,4999,3129,https://www.detmir.ru/product/index/id/3244569/
42123,Конструктор LEGO Technic McLaren Senna GTR ,4699,2879,https://www.detmir.ru/product/index/id/3430417/
10874,Конструктор LEGO DUPLO Town Поезд на паровой тяге (10874),5499,3419,https://www.detmir.ru/product/index/id/3092802/
76389,Конструктор LEGO Harry Potter Хогвартс: Тайная комната ,13499,8439,https://www.detmir.ru/product/index/id/3597035/
60139,Конструктор LEGO City Police Мобильный командный центр (60139),3299,2039,https://www.detmir.ru/product/index/id/2497101/
42095,Конструктор LEGO Technic ДУ Скоростной вездеход ,6999,4289,https://www.detmir.ru/product/index/id/3142049/
71387,Конструктор LEGO Super Mario Стартовый набор Приключения вместе с Луиджи ,4999,3109,https://www.detmir.ru/product/index/id/3596925/
42118,Конструктор LEGO Technic Monster Jam Grave Digger ,1699,1099,https://www.detmir.ru/product/index/id/3405652/
42110,Конструктор LEGO Technic Land Rover Defender ,16999,10199,https://www.detmir.ru/product/index/id/3200884/
10929,Конструктор LEGO DUPLO Town Дом модульный ,4999,3039,https://www.detmir.ru/product/index/id/3226567/
42119,Конструктор LEGO Technic Monster Jam Max-D ,1699,1049,https://www.detmir.ru/product/index/id/3405653/
10875,Конструктор LEGO DUPLO Town Грузовой поезд (10875),11499,6899,https://www.detmir.ru/product/index/id/3092803/
42122,Конструктор LEGO Technic Jeep Wrangler ,4699,2859,https://www.detmir.ru/product/index/id/3430415/
60266,Конструктор LEGO City Исследовательское судно ,12499,7499,https://www.detmir.ru/product/index/id/3244534/
60198,Конструктор LEGO City Trains Товарный поезд ,16999,10579,https://www.detmir.ru/product/index/id/3099182/
21170,Конструктор LEGO Minecraft Дом-свинья ,4699,2899,https://www.detmir.ru/product/index/id/3405639/
41391,Конструктор LEGO Friends Парикмахерская Хартлейк Сити ,1699,1069,https://www.detmir.ru/product/index/id/3226596/
42128,Конструктор LEGO Technic Грузовой эвакуатор ,13999,8569,https://www.detmir.ru/product/index/id/3596845/
17101,Конструктор LEGO BOOST  Набор для конструирования и программирования (17101),13999,8379,https://www.detmir.ru/product/index/id/3018843/
60197,Конструктор LEGO City Trains Пассажирский поезд ,12499,7959,https://www.detmir.ru/product/index/id/3099181/
75948,Конструктор LEGO Harry Potter Часовая башня Хогвартса ,8499,5319,https://www.detmir.ru/product/index/id/3176052/
21160,Конструктор LEGO Minecraft Патруль разбойников ,6499,4139,https://www.detmir.ru/product/index/id/3226586/
10847,Конструктор LEGO DUPLO My First Поезд «Считай и играй» (10847),1499,939,https://www.detmir.ru/product/index/id/2497211/
60215,Конструктор LEGO City Fire Пожарное депо ,5499,3419,https://www.detmir.ru/product/index/id/3142078/
21155,Конструктор LEGO Minecraft Шахта крипера ,7499,4909,https://www.detmir.ru/product/index/id/3187781/
42121,Конструктор LEGO Technic Тяжелый экскаватор ,3599,2439,https://www.detmir.ru/product/index/id/3405648/
42107,Конструктор LEGO Technic Ducati Panigale V4 R ,5499,3299,https://www.detmir.ru/product/index/id/3244611/
60262,Конструктор LEGO City Пассажирский самолёт ,8999,5579,https://www.detmir.ru/product/index/id/3244537/
21159,Конструктор LEGO Minecraft Аванпост разбойников ,2699,1679,https://www.detmir.ru/product/index/id/3226585/
41430,Конструктор LEGO Friends Летний аквапарк ,9499,5969,https://www.detmir.ru/product/index/id/3244513/
10914,Конструктор LEGO DUPLO Classic Коробка с кубиками большая ,4499,2759,https://www.detmir.ru/product/index/id/3226557/
43172,Конструктор LEGO Disney Frozen Волшебный ледяной замок Эльзы ,6499,4219,https://www.detmir.ru/product/index/id/3193108/
42120,Конструктор LEGO Technic Спасательное судно на воздушной подушке ,2799,1669,https://www.detmir.ru/product/index/id/3405647/
42111,Конструктор LEGO Technic Dodge Charger Доминика Торетто ,9499,6139,https://www.detmir.ru/product/index/id/3405650/
31109,Конструктор LEGO Creator Пиратский корабль ,8999,5399,https://www.detmir.ru/product/index/id/3244486/
60228,Конструктор LEGO City Space Port Ракета для запуска в далекий космос и пульт управления запуском ,8999,5499,https://www.detmir.ru/product/index/id/3175977/
60276,Конструктор LEGO City Police Транспорт для перевозки преступников ,1599,979,https://www.detmir.ru/product/index/id/3405586/
21161,Конструктор LEGO Minecraft Набор для творчества 3.0 ,7499,4479,https://www.detmir.ru/product/index/id/3244600/
71738,Конструктор LEGO Ninjago Битва с роботом Зейна ,5399,3279,https://www.detmir.ru/product/index/id/3405627/
10696,Конструктор LEGO Classic Набор для творчества среднего размера (10696),2499,1549,https://www.detmir.ru/product/index/id/619011/
41684,Конструктор LEGO Friends Гранд-отель Хартлейк Сити ,9499,5689,https://www.detmir.ru/product/index/id/3596784/
21166,Конструктор LEGO Minecraft Заброшенная шахта ,1799,1099,https://www.detmir.ru/product/index/id/3386281/
41679,Конструктор LEGO Friends Домик в лесу ,2599,1689,https://www.detmir.ru/product/index/id/3596780/
71736,Конструктор LEGO Ninjago Скорострельный истребитель Коула ,3599,2289,https://www.detmir.ru/product/index/id/3405625/
60277,Конструктор LEGO City Police Катер полицейского патруля ,4499,2699,https://www.detmir.ru/product/index/id/3405587/
42115,Конструктор LEGO Technic Lamborghini Sian FKP 37 ,36799,22449,https://www.detmir.ru/product/index/id/3244614/
42108,Конструктор LEGO Technic Мобильный кран ,9499,5699,https://www.detmir.ru/product/index/id/3226631/
71746,Конструктор LEGO Ninjago Дракон из джунглей ,3599,2339,https://www.detmir.ru/product/index/id/3405621/
10931,Конструктор LEGO DUPLO Грузовик и гусеничный экскаватор ,1759,989,https://www.detmir.ru/product/index/id/3244472/
21165,Конструктор LEGO Minecraft Пасека ,1799,1339,https://www.detmir.ru/product/index/id/3386280/
42114,Конструктор LEGO Technic Самосвал Volvo 6*6 ,22999,13289,https://www.detmir.ru/product/index/id/3244612/
10913,Конструктор LEGO DUPLO Classic Коробка с кубиками ,2599,1639,https://www.detmir.ru/product/index/id/3226556/
41450,Конструктор LEGO Friends Торговый центр Хартлейк Сити ,9499,5779,https://www.detmir.ru/product/index/id/3405551/
21172,Конструктор LEGO Minecraft Разрушенный портал ,2699,1899,https://www.detmir.ru/product/index/id/3596765/
21176,Конструктор LEGO Minecraft Мерзость из джунглей ,3699,2349,https://www.detmir.ru/product/index/id/3596768/
21168,Конструктор LEGO Minecraft ,2699,1659,https://www.detmir.ru/product/index/id/3405637/
60243,Конструктор LEGO City Police Погоня на полицейском вертолете ,2499,1529,https://www.detmir.ru/product/index/id/3226650/
60292,Конструктор LEGO My City Центр города ,8999,5229,https://www.detmir.ru/product/index/id/3405579/
75969,Конструктор LEGO Harry Potter Астрономическая башня Хогвартса ,9499,5699,https://www.detmir.ru/product/index/id/3244599/
75947,Конструктор LEGO Harry Potter Хижина Хагрида спасение Клювокрыла ,5499,4099,https://www.detmir.ru/product/index/id/3176039/
42096,Конструктор LEGO Technic Porsche 911 RSR ,13999,8759,https://www.detmir.ru/product/index/id/3150682/
41395,Конструктор LEGO Friends Автобус для друзей ,6499,3899,https://www.detmir.ru/product/index/id/3226605/
60246,Конструктор LEGO City Police Полицейский участок ,8999,5239,https://www.detmir.ru/product/index/id/3226653/
31115,Конструктор LEGO Creator Космический робот для горных работ ,2199,1559,https://www.detmir.ru/product/index/id/3405540/
10903,Конструктор LEGO DUPLO Town Пожарное депо ,4499,3219,https://www.detmir.ru/product/index/id/3142024/
41422,Конструктор LEGO Friends Домик для панд на дереве ,2599,1589,https://www.detmir.ru/product/index/id/3244508/
76387,Конструктор LEGO Harry Potter Хогвартс: пушистая встреча ,3699,2349,https://www.detmir.ru/product/index/id/3597033/
51515,Конструктор LEGO MINDSTORMS EV3 Робот-изобретатель ,31999,18989,https://www.detmir.ru/product/index/id/3244609/
76386,Конструктор LEGO Harry Potter Хогвартс: ошибка с оборотным зельем ,1799,1349,https://www.detmir.ru/product/index/id/3597032/
21171,Конструктор LEGO Minecraft Конюшня ,1799,1089,https://www.detmir.ru/product/index/id/3596764/
41392,Конструктор LEGO Friends Роскошный отдых на природе ,2599,1559,https://www.detmir.ru/product/index/id/3226597/
75957,Конструктор LEGO Harry Potter Автобус Ночной рыцарь ,3699,2359,https://www.detmir.ru/product/index/id/3176053/
76388,Конструктор LEGO Harry Potter Визит в деревню Хогсмид ,7499,4679,https://www.detmir.ru/product/index/id/3597034/
10882,Конструктор LEGO DUPLO Town Рельсы (10882),1799,1049,https://www.detmir.ru/product/index/id/3092804/
41449,Конструктор LEGO Friends Дом семьи Андреа ,6499,4129,https://www.detmir.ru/product/index/id/3405550/
43184,Конструктор LEGO Disney Princess Райя и дракон Сису ,2599,1639,https://www.detmir.ru/product/index/id/3498472/
10872,Конструктор LEGO DUPLO Town Железнодорожный мост (10872),2199,1349,https://www.detmir.ru/product/index/id/3092801/
71752,Конструктор LEGO Ninjago Спидер-амфибия ниндзя ,3599,2289,https://www.detmir.ru/product/index/id/3596976/
76125,Конструктор LEGO Marvel Super Heroes Лаборатория Железного человека ,5499,3329,https://www.detmir.ru/product/index/id/3156354/
75551,Конструктор LEGO Minions Миньоны и дом ,4699,2819,https://www.detmir.ru/product/index/id/3244547/
10948,Конструктор LEGO DUPLO Town Гараж и автомойка ,8999,5399,https://www.detmir.ru/product/index/id/3596757/
60261,Конструктор LEGO City Городской аэропорт ,4499,2869,https://www.detmir.ru/product/index/id/3244536/
41439,Конструктор LEGO Friends Передвижной груминг-салон для кошек ,799,529,https://www.detmir.ru/product/index/id/3405553/
75955,Конструктор LEGO Harry Potter Хогвартс-экспресс ,7499,4669,https://www.detmir.ru/product/index/id/3546360/
31113,Конструктор LEGO Creator Транспортировщик гоночных автомобилей ,2199,1349,https://www.detmir.ru/product/index/id/3405538/
75953,Конструктор LEGO Harry Potter Гремучая ива ,6499,3949,https://www.detmir.ru/product/index/id/3122104/
75257,Конструктор LEGO Star Wars Episode IX Сокол Тысячелетия ,13499,8159,https://www.detmir.ru/product/index/id/3200892/
60289,Конструктор LEGO City Great Vehicles Транспортировка самолёта на авиашоу ,2499,1599,https://www.detmir.ru/product/index/id/3405594/
10944,Конструктор LEGO DUPLO Town Экспедиция на шаттле ,1499,959,https://www.detmir.ru/product/index/id/3590734/
41445,Конструктор LEGO Friends Машина скорой ветеринарной помощи ,2599,1609,https://www.detmir.ru/product/index/id/3405554/
21169,Конструктор LEGO Minecraft ,5499,3629,https://www.detmir.ru/product/index/id/3405638/
71756,Конструктор LEGO Ninjago Подводный Дар Судьбы ,13499,8369,https://www.detmir.ru/product/index/id/3597020/
71737,Конструктор LEGO Ninjago Ниндзя-перехватчик Х-1 ,4499,2679,https://www.detmir.ru/product/index/id/3405626/
42099,Конструктор LEGO Technic Экстремальный внедорожник ,19999,11159,https://www.detmir.ru/product/index/id/3188097/
76901,Конструктор LEGO Speed Champions Toyota GR Supra ,1799,1129,https://www.detmir.ru/product/index/id/3597037/
41685,Конструктор LEGO Friends Американские горки на Волшебной ярмарке ,8499,4999,https://www.detmir.ru/product/index/id/3596785/
21162,Конструктор LEGO Minecraft Приключения в тайге ,899,759,https://www.detmir.ru/product/index/id/3226587/
42124,Конструктор LEGO Technic Квадроцикл ,12499,7419,https://www.detmir.ru/product/index/id/3405649/
71722,Конструктор LEGO Ninjago Подземелье колдуна-скелета ,8999,5399,https://www.detmir.ru/product/index/id/3244592/
43175,Конструктор LEGO Disney Princess Книга приключений Анны и Эльзы ,1699,1079,https://www.detmir.ru/product/index/id/3226644/
71747,Конструктор LEGO Ninjago Деревня Хранителей ,4499,2829,https://www.detmir.ru/product/index/id/3405622/
60283,Конструктор LEGO City Great Vehicles Отпуск в доме на колесах ,1499,969,https://www.detmir.ru/product/index/id/3405588/
71750,Конструктор LEGO Ninjago Водный робот Ллойда ,1699,1059,https://www.detmir.ru/product/index/id/3596975/
10961,Конструктор LEGO DUPLO Town Самолет и аэропорт ,2499,1499,https://www.detmir.ru/product/index/id/3596761/
75288,Конструктор LEGO Star Wars AT-AT ,13999,8339,https://www.detmir.ru/product/index/id/3244608/
60214,Конструктор LEGO City Fire Пожар в бургер-кафе ,2499,1669,https://www.detmir.ru/product/index/id/3142077/
71753,Конструктор LEGO Ninjago Атака огненного дракона ,4499,2839,https://www.detmir.ru/product/index/id/3596977/
21158,Конструктор LEGO Minecraft Питомник панд ,1799,1169,https://www.detmir.ru/product/index/id/3226584/
76192,Конструктор LEGO Super Heroes «Мстители: Финал» — решающая битва ,8499,5099,https://www.detmir.ru/product/index/id/3597029/
41444,Конструктор LEGO Friends Органическое кафе Хартлейк-Сити ,2599,1559,https://www.detmir.ru/product/index/id/3405548/
60244,Конструктор LEGO City Police Полицейский вертолетный транспорт ,3799,2419,https://www.detmir.ru/product/index/id/3226651/
31058,Конструктор LEGO Creator Грозный динозавр (31058),1399,839,https://www.detmir.ru/product/index/id/2496001/
60264,Конструктор LEGO City Исследовательская подводная лодка ,2499,1549,https://www.detmir.ru/product/index/id/3244532/
41937,Конструктор LEGO Dots Большой набор Летнее настроение ,2599,1529,https://www.detmir.ru/product/index/id/3596836/
71754,Конструктор LEGO Ninjago Водный дракон ,6499,3939,https://www.detmir.ru/product/index/id/3597018/
41682,Конструктор LEGO Friends Школа Хартлейк Сити ,6499,3709,https://www.detmir.ru/product/index/id/3596782/
10907,Конструктор LEGO DUPLO Town Животные мира ,8999,8499,https://www.detmir.ru/product/index/id/3176040/
71391,Конструктор LEGO Super Mario Летучий корабль Боузера ,8999,5629,https://www.detmir.ru/product/index/id/3596969/
42109,Конструктор LEGO Technic Гоночный автомобиль Top Gear ,12499,7479,https://www.detmir.ru/product/index/id/3226632/
42106,Конструктор LEGO Technic Шоу трюков на грузовиках и мотоциклах ,4699,2819,https://www.detmir.ru/product/index/id/3226630/
76900,Конструктор LEGO Speed Champions Koenigsegg Jesko ,1799,1349,https://www.detmir.ru/product/index/id/3597036/
41427,Конструктор LEGO Friends Модный бутик Эммы ,2599,1609,https://www.detmir.ru/product/index/id/3244517/
76168,Конструктор LEGO DC Super Heroes Капитан Америка Робот ,999,649,https://www.detmir.ru/product/index/id/3405605/
60254,Конструктор LEGO City Great Vehicles Транспортировщик скоростных катеров ,2499,1519,https://www.detmir.ru/product/index/id/3226681/
60265,Конструктор LEGO City Исследовательская база ,5499,3409,https://www.detmir.ru/product/index/id/3244533/
10955,Конструктор LEGO DUPLO My First Поезд для животных ,1599,949,https://www.detmir.ru/product/index/id/3405527/
10954,Конструктор LEGO DUPLO My First Поезд с цифрами-учимся считать ,1499,909,https://www.detmir.ru/product/index/id/3596758/
76187,Конструктор LEGO Super Heroes Веном ,5999,5169,https://www.detmir.ru/product/index/id/3594631/
10952,Конструктор LEGO DUPLO Town Фермерский трактор сарай и животные ,6499,3899,https://www.detmir.ru/product/index/id/3405532/
76140,Конструктор LEGO Super Heroes Железный человек ,999,639,https://www.detmir.ru/product/index/id/3226727/
60252,Конструктор LEGO City Great Vehicles Строительный бульдозер ,1499,929,https://www.detmir.ru/product/index/id/3226679/
76899,Конструктор LEGO Speed Champions Lamborghini Urus ST-X Lamborghini Huracan Super Trofeo EVO ,5499,3419,https://www.detmir.ru/product/index/id/3226750/
71745,Конструктор LEGO Ninjago Мотоцикл Ллойда для джунглей ,1699,1089,https://www.detmir.ru/product/index/id/3405620/
60282,Конструктор LEGO City Fire Команда пожарных ,4999,2949,https://www.detmir.ru/product/index/id/3405584/
21167,Конструктор LEGO Minecraft Торговый пост ,1799,1199,https://www.detmir.ru/product/index/id/3386282/
75280,Конструктор LEGO Star Wars Клоны-пехотинцы 501легиона ,2799,1759,https://www.detmir.ru/product/index/id/3244603/
31120,Конструктор LEGO Creator Средневековый замок ,8999,5629,https://www.detmir.ru/product/index/id/3596771/
10909,Конструктор LEGO DUPLO Classic Шкатулка-сердечко ,1599,1169,https://www.detmir.ru/product/index/id/3405525/
41429,Конструктор LEGO Friends Самолёт в Хартлейк Сити ,6499,3609,https://www.detmir.ru/product/index/id/3244512/
2304,Конструктор LEGO DUPLO Большая строительная пластина ,1299,849,https://www.detmir.ru/product/index/id/3233714/
75301,Конструктор LEGO Star Wars Истребитель типа Х Люка Скайуокера ,4699,2959,https://www.detmir.ru/product/index/id/3405643/
41428,Конструктор LEGO Friends Пляжный домик ,4499,2819,https://www.detmir.ru/product/index/id/3244511/
76190,Конструктор LEGO Super Heroes Железный человек: схватка с Железным Торговцем ,3699,2299,https://www.detmir.ru/product/index/id/3597027/
60291,Конструктор LEGO My City Современный дом для семьи ,4499,2759,https://www.detmir.ru/product/index/id/3405578/
10946,Конструктор LEGO DUPLO Town Семейное приключение на микроавтобусе ,2499,1529,https://www.detmir.ru/product/index/id/3596755/
42117,Конструктор LEGO Technic Гоночный самолёт ,899,699,https://www.detmir.ru/product/index/id/3405646/
21151,Конструктор LEGO Minecraft Последняя битва ,1799,1249,https://www.detmir.ru/product/index/id/3144136/
76173,Конструктор LEGO DC Super Heroes Человек-Паук и Призрачный Гонщик против Карнажа ,1799,1649,https://www.detmir.ru/product/index/id/3405600/
71735,Конструктор LEGO Ninjago Турнир стихий ,2599,1819,https://www.detmir.ru/product/index/id/3405624/
60288,Конструктор LEGO City Great Vehicles Транспортировка карта ,1499,939,https://www.detmir.ru/product/index/id/3405593/
42112,Конструктор LEGO Technic Бетономешалка ,9499,5939,https://www.detmir.ru/product/index/id/3244613/
71721,Конструктор LEGO Ninjago Дракон чародея-скелета ,7499,4499,https://www.detmir.ru/product/index/id/3244591/
76903,Конструктор LEGO Speed Champions Chevrolet Corvette C8.R Race Car and 1968 Chevrolet Corvette ,3699,2179,https://www.detmir.ru/product/index/id/3597049/
10899,Конструктор LEGO DUPLO Princess Ледяной замок ,4499,2699,https://www.detmir.ru/product/index/id/3188096/
41446,Конструктор LEGO Friends Ветеринарная клиника Хартлейк-Сити ,3599,2339,https://www.detmir.ru/product/index/id/3405555/
42100,Конструктор LEGO Technic Экскаватор Liebherr R 9800 ,37999,24609,https://www.detmir.ru/product/index/id/3405651/
43193,Конструктор LEGO Disney Princess Книга сказочных приключений Ариэль Белль Золушки и Тианы ,1999,1479,https://www.detmir.ru/product/index/id/3596878/
41924,Конструктор LEGO Dots Секретная шкатулка ,1759,1599,https://www.detmir.ru/product/index/id/3405563/
42125,Конструктор LEGO Technic Ferrari 488 GTE ,16899,10489,https://www.detmir.ru/product/index/id/3405655/
41681,Конструктор LEGO Friends Лесной дом на колесах и парусная лодка ,4499,2549,https://www.detmir.ru/product/index/id/3596781/
60258,Конструктор LEGO City Nitro Wheels Тюнинг-мастерская ,8999,5089,https://www.detmir.ru/product/index/id/3226695/
31100,Конструктор LEGO Creator Спортивный автомобиль ,899,579,https://www.detmir.ru/product/index/id/3226589/
71720,Конструктор LEGO Ninjago Каменный робот огня ,6499,3739,https://www.detmir.ru/product/index/id/3244590/
60251,Конструктор LEGO City Great Vehicles Монстр-трак ,749,449,https://www.detmir.ru/product/index/id/3226678/
71369,Конструктор LEGO Super Mario Битва в замке Боузера ,8999,5399,https://www.detmir.ru/product/index/id/3244579/
76382,Конструктор LEGO Harry Potter Учёба в Хогвартсе Урок трансфигурации ,2799,1749,https://www.detmir.ru/product/index/id/3405632/
21163,Конструктор LEGO Minecraft Битва за красную пыль ,4699,3919,https://www.detmir.ru/product/index/id/3244601/
41424,Конструктор LEGO Friends Штаб спасателей ,7499,4479,https://www.detmir.ru/product/index/id/3244510/
10886,Конструктор LEGO DUPLO My First Мои первые машинки ,1599,979,https://www.detmir.ru/product/index/id/3142016/
10873,Конструктор LEGO DUPLO Disney День рождения Минни (10873),1699,1529,https://www.detmir.ru/product/index/id/3092799/
10698,Конструктор LEGO Classic Набор для творчества большого размера (10698),3799,2339,https://www.detmir.ru/product/index/id/619001/
60303,Конструктор LEGO City Occasions Новогодний календарь ,1699,,https://www.detmir.ru/product/index/id/3777764/
41441,Конструктор LEGO Friends Тренировка лошади и прицеп для перевозки ,2499,1499,https://www.detmir.ru/product/index/id/3596772/
60253,Конструктор LEGO City Great Vehicles Грузовик мороженщика ,1499,969,https://www.detmir.ru/product/index/id/3226680/
10932,Конструктор LEGO DUPLO Шаровой таран ,4999,2999,https://www.detmir.ru/product/index/id/3244479/
76194,Конструктор LEGO Super Heroes Железный Человек Тони Старка на Сакааре ,2999,1839,https://www.detmir.ru/product/index/id/3597031/
10942,Конструктор LEGO DUPLO Disney Дом и кафе Минни ,4499,2859,https://www.detmir.ru/product/index/id/3596717/
75318,Конструктор LEGO Star Wars Малыш ,7499,4539,https://www.detmir.ru/product/index/id/3396151/
76171,Конструктор LEGO DC Super Heroes Майлс Моралес Робот ,999,649,https://www.detmir.ru/product/index/id/3405603/
31111,Конструктор LEGO Creator Кибердрон ,899,569,https://www.detmir.ru/product/index/id/3405537/
75968,Конструктор LEGO Harry Potter Тисовая улица дом 4 ,6499,3889,https://www.detmir.ru/product/index/id/3244598/
71709,Конструктор LEGO Ninjago Скоростные машины Джея и Ллойда ,2599,1739,https://www.detmir.ru/product/index/id/3226709/
41677,Конструктор LEGO Friends Лесной водопад ,799,529,https://www.detmir.ru/product/index/id/3596779/
71739,Конструктор LEGO Ninjago Сверхзвуковой самолёт ,8499,5149,https://www.detmir.ru/product/index/id/3596973/
60287,Конструктор LEGO City Great Vehicles Трактор ,1499,969,https://www.detmir.ru/product/index/id/3405592/
76384,Конструктор LEGO Harry Potter Учёба в Хогвартсе Урок травологии ,2799,1649,https://www.detmir.ru/product/index/id/3405634/
71700,Конструктор LEGO Ninjago Тропический внедорожник ,799,529,https://www.detmir.ru/product/index/id/3226704/
10700,Конструктор LEGO Classic Строительная пластина зеленого цвета (10700),699,449,https://www.detmir.ru/product/index/id/618981/
76151,Конструктор LEGO Super Heroes Человек-Паук Засада на веномозавра ,7499,4869,https://www.detmir.ru/product/index/id/3244553/
41689,Конструктор LEGO Friends Волшебное колесо обозрения и горка ,5499,3129,https://www.detmir.ru/product/index/id/3596800/
71755,Конструктор LEGO Ninjago Храм Бескрайнего моря ,9999,6089,https://www.detmir.ru/product/index/id/3597019/
21174,Конструктор LEGO Minecraft Современный домик на дереве ,11499,6919,https://www.detmir.ru/product/index/id/3596767/
71389,Конструктор LEGO Super Mario Небесный мир лакиту ,3699,2349,https://www.detmir.ru/product/index/id/3596927/
71031,Конструктор LEGO Минифигурки в непрозрачной упаковке (Сюрприз) ,279,249,https://www.detmir.ru/product/index/id/3777768/
76902,Конструктор LEGO Speed Champions McLaren Elva ,1799,1129,https://www.detmir.ru/product/index/id/3597048/
43181,Конструктор LEGO Disney Princess Райя и Дворец сердца ,7499,4499,https://www.detmir.ru/product/index/id/3498471/
76941,Конструктор LEGO Jurassic World Погоня за карнотавром ,4599,3719,https://www.detmir.ru/product/index/id/3597053/
42103,Конструктор LEGO Technic Драгстер ,1699,1099,https://www.detmir.ru/product/index/id/3226627/
76174,Конструктор LEGO DC Super Heroes Монстр-трак Человека-Паука против Мистерио ,4699,2729,https://www.detmir.ru/product/index/id/3405601/
41394,Конструктор LEGO Friends Городская больница Хартлейк Сити ,5499,3419,https://www.detmir.ru/product/index/id/3226604/
43189,Конструктор LEGO Disney Princess Книга сказочных приключений Эльзы и Нока ,1699,1099,https://www.detmir.ru/product/index/id/3405546/
75312,Конструктор LEGO Star Wars Звездолет Бобы Фетта ,4699,2989,https://www.detmir.ru/product/index/id/3597023/
60249,Конструктор LEGO City Great Vehicles Машина для очистки улиц ,749,519,https://www.detmir.ru/product/index/id/3226677/
75311,Конструктор LEGO Star Wars Имперский бронированный корвет типа Мародер ,3699,3299,https://www.detmir.ru/product/index/id/3597022/
10901,Конструктор LEGO DUPLO Town Пожарная машина ,1499,969,https://www.detmir.ru/product/index/id/3142022/
60239,Конструктор LEGO City Police Автомобиль полицейского патруля ,749,479,https://www.detmir.ru/product/index/id/3142199/
21164,Конструктор LEGO Minecraft Коралловый риф ,999,619,https://www.detmir.ru/product/index/id/3405636/
76942,Конструктор LEGO Jurassic World Побег барионикса на катере ,7499,4769,https://www.detmir.ru/product/index/id/3597054/
60304,Конструктор LEGO City Town Дорожные пластины ,1499,909,https://www.detmir.ru/product/index/id/3405580/
76383,Конструктор LEGO Harry Potter Учёба в Хогвартсе Урок зельеварения ,2799,1739,https://www.detmir.ru/product/index/id/3405633/
75315,Конструктор LEGO Star Wars Легкий имперский крейсер ,13499,8369,https://www.detmir.ru/product/index/id/3758560/
76385,Конструктор LEGO Harry Potter Учёба в Хогвартсе Урок заклинаний ,2799,1739,https://www.detmir.ru/product/index/id/3405635/
41168,Конструктор LEGO Disney Frozen Шкатулка Эльзы ,3599,2269,https://www.detmir.ru/product/index/id/3200882/
42102,Конструктор LEGO Technic Mini Claas Xerion ,899,559,https://www.detmir.ru/product/index/id/3226626/
31088,Конструктор LEGO Creator Обитатели морских глубин ,1399,869,https://www.detmir.ru/product/index/id/3144096/
42116,Конструктор LEGO Technic Фронтальный погрузчик ,899,559,https://www.detmir.ru/product/index/id/3405645/
41926,Конструктор LEGO Dots Креативный набор для праздника ,1999,1259,https://www.detmir.ru/product/index/id/3405565/
31102,Конструктор LEGO Creator Огненный дракон ,1799,1139,https://www.detmir.ru/product/index/id/3226591/
76196,Конструктор LEGO Super Heroes Новогодний календарь ,2799,2079,https://www.detmir.ru/product/index/id/3777766/
10950,Конструктор LEGO DUPLO Town Фермерский трактор и животные ,1599,1029,https://www.detmir.ru/product/index/id/3405530/
76191,Конструктор LEGO Super Heroes Перчатка бесконечности ,6999,4739,https://www.detmir.ru/product/index/id/3597028/
71367,Конструктор LEGO Super Mario Дом Марио и Йоши ,2699,1699,https://www.detmir.ru/product/index/id/3244577/
21152,Конструктор LEGO Minecraft Приключения на пиратском корабле ,4699,2819,https://www.detmir.ru/product/index/id/3489842/
10926,Конструктор LEGO DUPLO Town Спальня ,1299,799,https://www.detmir.ru/product/index/id/3226564/
41393,Конструктор LEGO Friends Соревнование кондитеров ,3599,2109,https://www.detmir.ru/product/index/id/3226603/
31117,Конструктор LEGO Creator Приключения на космическом шаттле ,4499,2719,https://www.detmir.ru/product/index/id/3596769/
10922,Конструктор LEGO DUPLO Подводный замок Ариэль ,2599,1799,https://www.detmir.ru/product/index/id/3244481/
76186,Конструктор LEGO Super Heroes Корабль Чёрной Пантеры «Дракон» ,1799,1169,https://www.detmir.ru/product/index/id/3597025/
76390,Конструктор LEGO Harry Potter Новогодний календарь ,2599,2079,https://www.detmir.ru/product/index/id/3777767/
41906,Набор для творчества LEGO DOTS Подставка для карандашей Ананас ,1699,1499,https://www.detmir.ru/product/index/id/3239914/
42083,Конструктор LEGO Technic Bugatti Chiron ,34899,22039,https://www.detmir.ru/product/index/id/3405654/
31116,Конструктор LEGO Creator Домик на дереве для сафари ,2699,1589,https://www.detmir.ru/product/index/id/3405541/
10933,Конструктор LEGO DUPLO Башенный кран на стройке ,9999,6099,https://www.detmir.ru/product/index/id/3244480/
41686,Конструктор LEGO Friends Волшебная акробатика ,1699,1039,https://www.detmir.ru/product/index/id/3596786/
76898,Конструктор LEGO Speed Champions Formula E Panasonic Jaguar Racing GEN2 car Jaguar I-Pace eTrophy ,3699,2399,https://www.detmir.ru/product/index/id/3226749/
10939,Конструктор LEGO Jurassic World Побег динозавров: тираннозавр и трицератопс ,2599,1639,https://www.detmir.ru/product/index/id/3405534/
41925,Конструктор LEGO Dots Хранение секретов ,1299,1199,https://www.detmir.ru/product/index/id/3405564/
60245,Конструктор LEGO City Police Ограбление полицейского монстр-трака ,4499,2699,https://www.detmir.ru/product/index/id/3226652/
76164,Конструктор LEGO Super Heroes Халкбастер против агента А.И.М. ,3699,2319,https://www.detmir.ru/product/index/id/3244549/
76895,Конструктор LEGO Speed Champions Ferrari F8 Tributo ,1799,,https://www.detmir.ru/product/index/id/3226746/
41167,Конструктор LEGO Disney Frozen Деревня в Эренделле ,7499,4449,https://www.detmir.ru/product/index/id/3200881/
10951,Конструктор LEGO DUPLO Town Конюшня для лошади и пони ,2499,1609,https://www.detmir.ru/product/index/id/3405531/
76180,Конструктор LEGO Super Heroes Бэтмен против Джокера погоня на Бэтмобиле ,2799,1669,https://www.detmir.ru/product/index/id/3594629/
10941,Конструктор LEGO DUPLO Disney Праздничный поезд Микки и Минни ,2599,1609,https://www.detmir.ru/product/index/id/3405533/
76153,Конструктор LEGO Super Heroes Геликарриер ,11499,6859,https://www.detmir.ru/product/index/id/3244551/
60290,Конструктор LEGO My City Скейт-парк ,2619,1499,https://www.detmir.ru/product/index/id/3405577/
31118,Конструктор LEGO Creator Пляжный домик серферов ,4499,2859,https://www.detmir.ru/product/index/id/3405542/
75967,Конструктор LEGO Harry Potter Грохх и Долорес Амбридж ,2799,1779,https://www.detmir.ru/product/index/id/3244597/
76940,Конструктор LEGO Jurassic World Скелет тираннозавра на выставке ,2799,2599,https://www.detmir.ru/product/index/id/3597052/
60260,Конструктор LEGO City Воздушная гонка ,2499,1569,https://www.detmir.ru/product/index/id/3244535/
10945,Конструктор LEGO DUPLO Town Мусоровоз и контейнеры для раздельного сбора мусора ,1499,909,https://www.detmir.ru/product/index/id/3596747/
60275,Конструктор LEGO City Police Полицейский вертолёт ,749,479,https://www.detmir.ru/product/index/id/3405585/
75255,Конструктор LEGO Star Wars Йода ,9499,5499,https://www.detmir.ru/product/index/id/3200890/
76169,Конструктор LEGO Marvel Super Heroes Тор робот ,999,639,https://www.detmir.ru/product/index/id/3405606/
75299,Конструктор LEGO Star Wars Испытание на Татуине ,2799,1729,https://www.detmir.ru/product/index/id/3405641/
31108,Конструктор LEGO Creator Отпуск в доме на колесах ,7499,4299,https://www.detmir.ru/product/index/id/3244485/
31119,Конструктор LEGO Creator Колесо обозрения ,8499,5169,https://www.detmir.ru/product/index/id/3596770/
31122,Конструктор LEGO Creator Аквариум ,2699,,https://www.detmir.ru/product/index/id/3620626/
10949,Конструктор LEGO DUPLO Town Уход за животными на ферме ,749,489,https://www.detmir.ru/product/index/id/3405529/
41440,Конструктор LEGO Friends Пекарня Хартлейк-Сити ,1599,959,https://www.detmir.ru/product/index/id/3405552/
10925,Конструктор LEGO DUPLO Town Игровая комната ,1299,799,https://www.detmir.ru/product/index/id/3226563/
10915,Конструктор LEGO DUPLO Грузовик Алфавит ,2499,1499,https://www.detmir.ru/product/index/id/3226558/
31121,Конструктор LEGO Creator Крокодил ,2699,,https://www.detmir.ru/product/index/id/3620625/
41443,Конструктор LEGO Friends Электромобиль Оливии ,1299,779,https://www.detmir.ru/product/index/id/3405547/
41683,Конструктор LEGO Friends Лесной клуб верховой езды ,6499,3869,https://www.detmir.ru/product/index/id/3596783/
41907,Конструктор LEGO Dots Настольный набор ,1759,1069,https://www.detmir.ru/product/index/id/3244619/
75307,Конструктор LEGO Star Wars Новогодний календарь ,2599,2079,https://www.detmir.ru/product/index/id/3777765/
75300,Конструктор LEGO Star Wars Имперский истребитель СИД ,3699,2239,https://www.detmir.ru/product/index/id/3405642/
75966,Конструктор LEGO Harry Potter Выручай-комната Хогвартса ,1799,1139,https://www.detmir.ru/product/index/id/3244596/
71382,Конструктор LEGO Super Mario дополнительный набор загадочное испытание растения-пираньи ,2699,1549,https://www.detmir.ru/product/index/id/3405614/
31097,Конструктор LEGO Creator Зоомагазин и кафе в центре города ,7499,4669,https://www.detmir.ru/product/index/id/3175848/
11013,Конструктор LEGO Classic Прозрачные кубики ,2599,1589,https://www.detmir.ru/product/index/id/3405535/
60205,Конструктор LEGO City Trains Рельсы ,1499,959,https://www.detmir.ru/product/index/id/3099183/
75256,Конструктор LEGO Star Wars Episode IX Шаттл Кайло Рена ,11499,6889,https://www.detmir.ru/product/index/id/3200891/
60256,Конструктор LEGO City Nitro Wheels Гоночные автомобили ,1999,1239,https://www.detmir.ru/product/index/id/3226693/
60238,Конструктор LEGO City Trains Железнодорожные стрелки ,1799,1069,https://www.detmir.ru/product/index/id/3108625/
76127,Конструктор LEGO Marvel Super Heroes Капитан Марвел и атака скруллов ,2499,,https://www.detmir.ru/product/index/id/3181585/
75940,Конструктор LEGO Jurassic World Побег галлимима и птеранодона ,5499,4179,https://www.detmir.ru/product/index/id/3405609/
75316,Конструктор LEGO Star Wars Звездный истребитель мандалорцев ,5499,3569,https://www.detmir.ru/product/index/id/3597024/
60263,Конструктор LEGO City Мини-подлодка ,749,489,https://www.detmir.ru/product/index/id/3244531/
71711,Конструктор LEGO Ninjago Кибердракон Джея ,4499,3439,https://www.detmir.ru/product/index/id/3226711/
75314,Конструктор LEGO Star Wars TM Штурмовой шаттл Бракованной Партии ,9499,5939,https://www.detmir.ru/product/index/id/3758559/
43187,Конструктор LEGO Disney Princess Башня Рапунцель ,5499,3339,https://www.detmir.ru/product/index/id/3334779/
41426,Конструктор LEGO Friends Кафе в парке Хартлейк Сити ,1699,1059,https://www.detmir.ru/product/index/id/3244516/
76146,Конструктор LEGO Super Heroes Человек-паук ,999,899,https://www.detmir.ru/product/index/id/3226731/
71380,Конструктор LEGO Super Mario Твои уровни! Твои приключения! ,5499,3299,https://www.detmir.ru/product/index/id/3405612/
60285,Конструктор LEGO City Great Vehicles Спортивный автомобиль ,749,479,https://www.detmir.ru/product/index/id/3405590/
10921,Конструктор LEGO DUPLO Super Heroes Лаборатория супергероев ,2599,1839,https://www.detmir.ru/product/index/id/3226562/
60286,Конструктор LEGO City Great Vehicles Пляжный спасательный вездеход ,749,479,https://www.detmir.ru/product/index/id/3405591/
41929,Конструктор LEGO Dots Брелок Леопард ,549,439,https://www.detmir.ru/product/index/id/3405573/
10701,Строительная пластина LEGO Classic Серая (10701),1299,799,https://www.detmir.ru/product/index/id/618971/
75302,Конструктор LEGO Star Wars Имперский шаттл ,7499,4539,https://www.detmir.ru/product/index/id/3498484/
71704,Конструктор LEGO Ninjago Истребитель Кая ,3599,2319,https://www.detmir.ru/product/index/id/3244585/
71710,Конструктор LEGO Ninjago Специальный автомобиль Ниндзя ,3599,,https://www.detmir.ru/product/index/id/3226710/
41927,Конструктор LEGO Dots Брелок Щенок ,549,369,https://www.detmir.ru/product/index/id/3405569/
41423,Конструктор LEGO Friends Спасение тигра на воздушном шаре ,3599,2339,https://www.detmir.ru/product/index/id/3244509/
41425,Конструктор LEGO Friends Цветочный сад Оливии ,799,589,https://www.detmir.ru/product/index/id/3244515/
60242,Конструктор LEGO City Police Арест на шоссе ,1499,929,https://www.detmir.ru/product/index/id/3226649/
60305,Конструктор LEGO City Great Vehicles Автовоз ,2499,,https://www.detmir.ru/product/index/id/3475283/
10930,Конструктор LEGO DUPLO Бульдозер ,749,469,https://www.detmir.ru/product/index/id/3244473/
75310,Конструктор LEGO Star Wars Дуэль на Мандалоре ,1799,1129,https://www.detmir.ru/product/index/id/3597021/
75281,Конструктор LEGO Star Wars Джедайский перехватчик Энакина ,2799,1759,https://www.detmir.ru/product/index/id/3244604/
71388,Конструктор LEGO Super Mario Падающая башня босса братца-сумо ,2699,1619,https://www.detmir.ru/product/index/id/3596926/
71368,Конструктор LEGO Super Mario Погоня за сокровищами Тоада ,6499,3899,https://www.detmir.ru/product/index/id/3244578/
41687,Конструктор LEGO Friends Киоск на Волшебной ярмарке ,2599,1559,https://www.detmir.ru/product/index/id/3596790/
60280,Конструктор LEGO City Fire Пожарная машина с лестницей ,1499,949,https://www.detmir.ru/product/index/id/3405582/
43194,Конструктор LEGO Disney Princess Зимняя сказка Анны и Эльзы ,3599,2289,https://www.detmir.ru/product/index/id/3596879/
21173,Конструктор LEGO Minecraft Небесная башня ,5499,3329,https://www.detmir.ru/product/index/id/3596766/
76200,Конструктор LEGO Super Heroes Новый Асгард Бро Тора ,2699,,https://www.detmir.ru/product/index/id/3889884/
10924,Конструктор LEGO DUPLO Гонки Молнии МакКуина ,2599,2049,https://www.detmir.ru/product/index/id/3244483/
41398,Конструктор LEGO Friends Дом Стефани ,3299,2099,https://www.detmir.ru/product/index/id/3244514/
60241,Конструктор LEGO City Police Полицейский отряд с собакой ,749,479,https://www.detmir.ru/product/index/id/3226648/
31107,Конструктор LEGO Creator Исследовательский планетоход ,4499,2699,https://www.detmir.ru/product/index/id/3244484/
10953,Конструктор LEGO DUPLO My First Единорог ,799,499,https://www.detmir.ru/product/index/id/3405526/
41913,Конструктор LEGO Dots Большой набор для создания браслетов ,2199,1459,https://www.detmir.ru/product/index/id/3244525/
75941,Конструктор LEGO Jurassic World Индоминус-рекс против анкилозавра ,9499,,https://www.detmir.ru/product/index/id/3405610/
71740,Конструктор LEGO Ninjago Электрический робот Джея ,1699,1099,https://www.detmir.ru/product/index/id/3405619/
41421,Конструктор LEGO Friends Спасение слонёнка ,1699,969,https://www.detmir.ru/product/index/id/3244507/
60302,Конструктор LEGO City Wildlife 0 ,8499,5069,https://www.detmir.ru/product/index/id/3596921/
71362,Конструктор LEGO Super Mario Охраняемая крепость ,4699,2749,https://www.detmir.ru/product/index/id/3244572/
31105,Конструктор LEGO Creator Городской магазин игрушек ,3699,2329,https://www.detmir.ru/product/index/id/3226594/
60281,Конструктор LEGO City Fire Спасательный пожарный вертолёт ,2499,1529,https://www.detmir.ru/product/index/id/3405583/
41255,Конструктор LEGO Trolls Праздник в Поп-сити ,4699,2639,https://www.detmir.ru/product/index/id/3234228/
31090,Конструктор LEGO Creator Робот для подводных исследований ,1799,1499,https://www.detmir.ru/product/index/id/3144098/
60300,Конструктор LEGO City Wildlife Спасательный вездеход для зверей ,749,529,https://www.detmir.ru/product/index/id/3596890/
76897,Конструктор LEGO Speed Champions 1985 Audi Sport quattro S1 ,1799,1699,https://www.detmir.ru/product/index/id/3226748/
75939,Конструктор LEGO Jurassic World Лаборатория доктора Ву: Побег детёнышей динозавра ,1799,,https://www.detmir.ru/product/index/id/3405608/
31104,Конструктор LEGO Creator Грузовик Монстрбургер ,4499,2789,https://www.detmir.ru/product/index/id/3226593/
10957,Конструктор LEGO DUPLO My First Пожарный вертолет и полицейский автомобиль ,799,519,https://www.detmir.ru/product/index/id/3405528/
41930,Конструктор LEGO Dots Брелок Панда ,549,359,https://www.detmir.ru/product/index/id/3405574/
10940,Конструктор LEGO DUPLO Super Heroes Штаб-квартира Человека-паука ,2599,1649,https://www.detmir.ru/product/index/id/3596716/
10920,Конструктор LEGO DUPLO Princess Чаепитие у Эльзы и Олафа ,1699,1049,https://www.detmir.ru/product/index/id/3226561/
60301,Конструктор LEGO City Wildlife Спасательный внедорожник для зверей ,3799,2299,https://www.detmir.ru/product/index/id/3596920/
75317,Конструктор LEGO Star Wars Мандалорец и малыш ,1799,1179,https://www.detmir.ru/product/index/id/3405644/
71719,Конструктор LEGO Ninjago Бронированный носорог Зейна ,4499,2829,https://www.detmir.ru/product/index/id/3244589/
71734,Конструктор LEGO Ninjago Мотоцикл Кая ,799,559,https://www.detmir.ru/product/index/id/3596972/
71394,Конструктор LEGO Super Mario Фигурки персонажей серия 3 ,299,209,https://www.detmir.ru/product/index/id/3758558/
41936,Конструктор LEGO Dots Подставка для карандашей ,1699,1039,https://www.detmir.ru/product/index/id/3596822/
10927,Конструктор LEGO DUPLO Town Киоск-пиццерия ,749,509,https://www.detmir.ru/product/index/id/3226565/
71705,Конструктор LEGO Ninjago Летающий корабль Мастера Ву ,12499,6699,https://www.detmir.ru/product/index/id/3244586/
11008,Конструктор LEGO Classic Кубики и домики ,1599,1039,https://www.detmir.ru/product/index/id/3226570/
41940,Конструктор LEGO Dots Брелок для сумки Единорог ,549,379,https://www.detmir.ru/product/index/id/3596843/
21154,Конструктор LEGO Minecraft Мост ифрита ,3699,,https://www.detmir.ru/product/index/id/3187780/
41448,Конструктор LEGO Friends Кинотеатр Хартлейк-Сити ,4499,2589,https://www.detmir.ru/product/index/id/3405549/
41910,Конструктор LEGO Dots Браслет Мороженое ,549,499,https://www.detmir.ru/product/index/id/3244527/
76193,Конструктор LEGO Super Heroes Корабль Стражей ,14799,8959,https://www.detmir.ru/product/index/id/3597030/
71712,Конструктор LEGO Ninjago Императорский храм Безумия ,6999,4619,https://www.detmir.ru/product/index/id/3226712/
41914,Конструктор LEGO Dots Фоторамки ,1759,1109,https://www.detmir.ru/product/index/id/3244529/
10902,Конструктор LEGO DUPLO Town Полицейский участок ,2499,2199,https://www.detmir.ru/product/index/id/3142023/
71749,Конструктор LEGO Ninjago Дар Судьбы Решающая битва ,3599,2189,https://www.detmir.ru/product/index/id/3596974/
41690,Конструктор LEGO Friends Новогодний календарь ,1999,,https://www.detmir.ru/product/index/id/3777569/
71703,Конструктор LEGO Ninjago Бой на штормовом истребителе ,2599,1609,https://www.detmir.ru/product/index/id/3244584/
41938,Конструктор LEGO DOTS Творческий набор для дизайнера ,3599,2189,https://www.detmir.ru/product/index/id/3596840/
42092,Конструктор LEGO Technic Спасательный вертолет ,2699,2299,https://www.detmir.ru/product/index/id/3142046/
76170,Конструктор LEGO Super Heroes ,1799,1329,https://www.detmir.ru/product/index/id/3405607/
75549,Конструктор LEGO Minions Невероятная погоня на мотоцикле ,1799,1129,https://www.detmir.ru/product/index/id/3244545/
71383,Конструктор LEGO Super Mario дополнительный набор ядовитое болото егозы ,3699,2119,https://www.detmir.ru/product/index/id/3405615/
75304,Конструктор LEGO Star Wars Шлем Дарта Вейдера ,6999,4659,https://www.detmir.ru/product/index/id/3594632/
75942,Конструктор LEGO Jurassic World Велоцираптор: спасение на биплане ,2799,2379,https://www.detmir.ru/product/index/id/3405611/
43176,Конструктор LEGO Disney Princess Книга приключений Ариэль ,1699,1079,https://www.detmir.ru/product/index/id/3226645/
31101,Конструктор LEGO Creator Монстр-трак ,1399,869,https://www.detmir.ru/product/index/id/3226590/
11015,Конструктор LEGO Classic Вокруг света ,4499,2609,https://www.detmir.ru/product/index/id/3596763/
41166,Конструктор LEGO Disney Frozen Дорожные приключения Эльзы ,2599,1669,https://www.detmir.ru/product/index/id/3200859/
10919,Конструктор LEGO DUPLO Бэтпещера ,2999,1999,https://www.detmir.ru/product/index/id/3244482/
75547,Конструктор LEGO Minions Тренировочный полёт ,2999,2229,https://www.detmir.ru/product/index/id/3244544/
71731,Конструктор LEGO Ninjago Легендарные битвы: Зейн против Ниндроида ,799,749,https://www.detmir.ru/product/index/id/3405629/
71390,Конструктор LEGO Super Mario Нокдаун резноров ,6499,4139,https://www.detmir.ru/product/index/id/3596968/
43192,Конструктор LEGO Disney Princess Королевская карета Золушки ,3599,2229,https://www.detmir.ru/product/index/id/3405544/
43186,Конструктор LEGO Disney Princess Саламандра Бруни ,1099,619,https://www.detmir.ru/product/index/id/3405545/
42129,Конструктор LEGO Technic Полноприводный грузовик-внедорожник Mercedes-Benz Zetros ,25999,15599,https://www.detmir.ru/product/index/id/3596876/
60279,Конструктор LEGO City Fire Пожарный автомобиль ,749,469,https://www.detmir.ru/product/index/id/3405581/
41928,Конструктор LEGO Dots Брелок Нарвал ,549,499,https://www.detmir.ru/product/index/id/3405572/
71363,Конструктор LEGO Super Mario Поки из пустыни ,1799,1019,https://www.detmir.ru/product/index/id/3244573/
76939,Конструктор LEGO Jurassic World Побег стигимолоха ,3699,2659,https://www.detmir.ru/product/index/id/3597051/
76198,Конструктор LEGO Super Heroes Битва роботов Человек-Паук против Доктора Осьминога ,1799,,https://www.detmir.ru/product/index/id/3889883/
21153,Конструктор LEGO Minecraft Шерстяная ферма ,1799,1539,https://www.detmir.ru/product/index/id/3187779/
31114,Конструктор LEGO Creator Супербайк ,1799,1089,https://www.detmir.ru/product/index/id/3405539/
41667,Конструктор LEGO Friends Кьюб Оливии для игр ,749,449,https://www.detmir.ru/product/index/id/3596774/
75283,Конструктор LEGO Star Wars Бронированный штурмовой танк AAT ,3699,2599,https://www.detmir.ru/product/index/id/3244605/
75267,Конструктор LEGO Star Wars Боевой набор Мандалорцы ,1399,849,https://www.detmir.ru/product/index/id/3226720/
10715,Конструктор LEGO Модели на колёсах LEGO Classic (10715),1999,1819,https://www.detmir.ru/product/index/id/3018900/
71730,Конструктор LEGO Ninjago Легендарные битвы: Кай против Армии скелетов ,799,639,https://www.detmir.ru/product/index/id/3405628/
43185,Конструктор LEGO Disney Princess Лодка Буна ,4599,2799,https://www.detmir.ru/product/index/id/3498473/
71364,Конструктор LEGO Super Mario Неприятности в крепости Вомпа ,1799,1239,https://www.detmir.ru/product/index/id/3244574/
43191,Конструктор LEGO Disney Princess Праздничный корабль Ариэль ,2599,1609,https://www.detmir.ru/product/index/id/3405543/
71366,Конструктор LEGO Super Mario Огневой налёт Билла-банзай ,2699,1439,https://www.detmir.ru/product/index/id/3244576/
31099,Конструктор LEGO Creator Винтовой самолет ,899,579,https://www.detmir.ru/product/index/id/3226588/
42105,Конструктор LEGO Technic Катамаран ,3699,2219,https://www.detmir.ru/product/index/id/3226629/
71748,Конструктор LEGO Ninjago Морская битва на катамаране ,6499,4139,https://www.detmir.ru/product/index/id/3405623/
76189,Конструктор LEGO Super Heroes Битва Капитана Америка с Гидрой ,899,549,https://www.detmir.ru/product/index/id/3597026/
76143,Конструктор LEGO Super Heroes Мстители Нападение на грузовик ,3499,2079,https://www.detmir.ru/product/index/id/3226730/
71365,Конструктор LEGO Super Mario Мощная атака Растения-пираньи ,2699,1669,https://www.detmir.ru/product/index/id/3244575/
76185,Конструктор LEGO Super Heroes Человек-паук в мастерской Санктума ,3699,,https://www.detmir.ru/product/index/id/3889881/
41688,Конструктор LEGO Friends Волшебный фургон ,4499,2609,https://www.detmir.ru/product/index/id/3596796/
11002,Конструктор LEGO Classic Базовый набор кубиков ,1599,979,https://www.detmir.ru/product/index/id/3144089/
71733,Конструктор LEGO Ninjago Легендарные битвы: Коул против Призрачного воина ,799,599,https://www.detmir.ru/product/index/id/3405631/
60226,Конструктор LEGO City Space Port Шаттл для исследований Марса ,2499,1539,https://www.detmir.ru/product/index/id/3175949/
71742,Конструктор LEGO Ninjago Дракон Оверлорда ,2599,,https://www.detmir.ru/product/index/id/3475280/
43188,Конструктор LEGO Disney Princess Лесной домик Спящей красавицы ,3599,2269,https://www.detmir.ru/product/index/id/3334780/
76177,Конструктор LEGO Super Heroes Битва в древней деревне ,3699,2799,https://www.detmir.ru/product/index/id/3594628/
76195,Конструктор LEGO Super Heroes Дуэль дронов Человека-паука ,1799,,https://www.detmir.ru/product/index/id/3889882/
41665,Конструктор LEGO Friends Кьюб Стефани с котёнком ,749,489,https://www.detmir.ru/product/index/id/3405559/
71381,Конструктор LEGO Super Mario дополнительный набор Кусалкин на цепи-встреча в джунглях ,2199,1339,https://www.detmir.ru/product/index/id/3405613/
41668,Конструктор LEGO Friends Модный кьюб Эммы ,749,449,https://www.detmir.ru/product/index/id/3596775/
60221,Конструктор LEGO City Great Vehicles Яхта для дайвинга ,1499,969,https://www.detmir.ru/product/index/id/3142194/
76172,Конструктор LEGO DC Super Heroes Бой Человека-паука с Песочным человеком ,899,799,https://www.detmir.ru/product/index/id/3405604/
10928,Конструктор LEGO DUPLO Town Пекарня ,3399,2479,https://www.detmir.ru/product/index/id/3226566/
75276,Конструктор LEGO Star Wars Шлем штурмовика ,5959,3819,https://www.detmir.ru/product/index/id/3244681/
76905,Конструктор LEGO Speed Champions Ford GT Heritage Edition and Bronco R ,4699,4199,https://www.detmir.ru/product/index/id/3620629/
75286,Конструктор LEGO Star Wars Истребитель генерала Гривуса ,7499,5299,https://www.detmir.ru/product/index/id/3244607/
10692,Конструктор LEGO Classic Набор для творчества (10692),1299,799,https://www.detmir.ru/product/index/id/619041/
75546,Конструктор LEGO Minions Миньоны в лаборатории Грю ,1799,1139,https://www.detmir.ru/product/index/id/3244543/
43177,Конструктор LEGO Disney Princess Книга приключений Белль ,1699,1069,https://www.detmir.ru/product/index/id/3226646/
41670,Конструктор LEGO Friends Кьюб для балета Стефани ,749,489,https://www.detmir.ru/product/index/id/3596777/
41666,Конструктор LEGO Friends Кьюб Андреа с кроликом ,749,459,https://www.detmir.ru/product/index/id/3405560/
71030,Конструктор LEGO Minifigures Минифигурки Looney Tunes в непрозрачной упаковке (Сюрприз),279,,https://www.detmir.ru/product/index/id/3594626/
76165,Конструктор LEGO Super Heroes Шлем железного человека ,5969,4199,https://www.detmir.ru/product/index/id/3244616/
10947,Конструктор LEGO DUPLO Town Гоночные машины ,4499,2679,https://www.detmir.ru/product/index/id/3596756/
43101,Конструктор LEGO Vidiyo Бэндмейты ,399,199,https://www.detmir.ru/product/index/id/3498474/
60247,Конструктор LEGO City Fire Лесные пожарные ,749,469,https://www.detmir.ru/product/index/id/3226654/
76239,Конструктор LEGO Super Heroes Бэтмобиль Тумблер схватка с Пугалом ,3699,,https://www.detmir.ru/product/index/id/3890017/
41909,Конструктор LEGO Dots Браслет Русалочка ,549,399,https://www.detmir.ru/product/index/id/3244526/
43112,Конструктор LEGO VIDIYO Robo HipHop Car (Машина Хип-Хоп Робота) ,2499,1509,https://www.detmir.ru/product/index/id/3599722/
71384,Конструктор LEGO Super Mario набор усилений Марио-пингвин ,899,539,https://www.detmir.ru/product/index/id/3405616/
71708,Конструктор LEGO Ninjago Киберрынок ,2999,,https://www.detmir.ru/product/index/id/3226708/
71393,Конструктор LEGO Super Mario Марио-пчела ,899,519,https://www.detmir.ru/product/index/id/3596971/
60229,Конструктор LEGO City Space Port Площадка для сборки и транспорт для перевозки ракеты ,,10999,https://www.detmir.ru/product/index/id/3181587/
10910,Конструктор LEGO DUPLO Town Путешествие субмарины ,1599,1199,https://www.detmir.ru/product/index/id/3175844/
75254,Конструктор LEGO Star Wars Episode IX Диверсионный AT-ST ,5499,,https://www.detmir.ru/product/index/id/3200889/
11010,Конструктор LEGO Classic Пластина базовая Белая ,599,379,https://www.detmir.ru/product/index/id/3226571/
76160,Конструктор LEGO Super Heroes Мобильная база Бэтмена ,8499,5179,https://www.detmir.ru/product/index/id/3244565/
70421,Конструктор LEGO Hidden Side Трюковый грузовик Эль-Фуэго ,2999,1999,https://www.detmir.ru/product/index/id/3193103/
71732,Конструктор LEGO Ninjago Легендарные битвы: Джей против воина-серпентина ,799,599,https://www.detmir.ru/product/index/id/3405630/
60284,Конструктор LEGO City Great Vehicles Автомобиль для дорожных работ ,749,469,https://www.detmir.ru/product/index/id/3405589/
10713,Конструктор LEGO Чемоданчик для творчества и конструирования Classic (10713),1599,979,https://www.detmir.ru/product/index/id/3018898/
41915,Конструктор LEGO Dots Шкатулка для драгоценностей ,1699,1499,https://www.detmir.ru/product/index/id/3244530/
10956,Конструктор LEGO DUPLO Town Парк развлечений ,9999,6079,https://www.detmir.ru/product/index/id/3596759/
41251,Конструктор LEGO Trolls Домик-бутон Розочки ,1799,1159,https://www.detmir.ru/product/index/id/3234224/
71392,Конструктор LEGO Super Mario Марио-лягушка ,899,539,https://www.detmir.ru/product/index/id/3596970/
76182,Конструктор LEGO Super Heroes Маска Бэтмена ,5999,3789,https://www.detmir.ru/product/index/id/3594630/
75273,Конструктор LEGO Star Wars Истребитель типа Х По Дамерона ,9499,5579,https://www.detmir.ru/product/index/id/3226726/
70428,Конструктор LEGO Hidden Side Пляжный багги Джека ,1699,1169,https://www.detmir.ru/product/index/id/3226697/
43196,Конструктор LEGO Disney Princess Замок Белль и Чудовища ,7499,4529,https://www.detmir.ru/product/index/id/3596881/
60299,Конструктор LEGO City Stunt 0 ,1499,,https://www.detmir.ru/product/index/id/3596889/
75297,Конструктор LEGO Star Wars Истребитель Сопротивления типа X ,1799,1169,https://www.detmir.ru/product/index/id/3498482/
11014,Конструктор LEGO Classic Кубики и колёса ,4499,2829,https://www.detmir.ru/product/index/id/3405536/
60307,Конструктор LEGO City Wildlife Лагерь спасения дикой природы ,8999,8499,https://www.detmir.ru/product/index/id/3620627/
75298,Конструктор LEGO Star Wars Микрофайтеры AT-AT против таунтауна ,1799,1169,https://www.detmir.ru/product/index/id/3498483/
11001,Конструктор LEGO Classic Модели из кубиков ,799,579,https://www.detmir.ru/product/index/id/3144088/
41343,Конструктор LEGO Friends Экскурсия по Хартлейк-Сити на самолете ,2299,1716,https://www.detmir.ru/product/index/id/3181584/
71386,Конструктор LEGO Super Mario фигурки персонажей ,299,,https://www.detmir.ru/product/index/id/3405618/
76904,Конструктор LEGO Speed Champions Mopar Dodge//SRT Top Fuel Dragster and 1970 Dodge Challenger T/A ,5499,3389,https://www.detmir.ru/product/index/id/3597050/
76896,Конструктор LEGO Speed Champions Nissan GT-R NISMO ,1799,1699,https://www.detmir.ru/product/index/id/3226747/
71707,Конструктор LEGO Ninjago Реактивный самолет Кая ,1699,,https://www.detmir.ru/product/index/id/3226707/
41254,Конструктор LEGO Trolls Концерт в городе Рок-на-Вулкане ,3699,2169,https://www.detmir.ru/product/index/id/3234227/
70687,Конструктор LEGO Ninjago Шквал Кружитцу-Ллойд ,749,699,https://www.detmir.ru/product/index/id/3244595/
60220,Конструктор LEGO City Great Vehicles Мусоровоз ,1499,1079,https://www.detmir.ru/product/index/id/3142083/
41935,Конструктор LEGO Dots Большой набор тайлов ,1799,1059,https://www.detmir.ru/product/index/id/3596818/
75951,Конструктор LEGO Harry Potter Побег Грин-де-Вальда ,2299,1839,https://www.detmir.ru/product/index/id/3122102/
71370,Конструктор LEGO Super Mario Марио-пожарный ,899,549,https://www.detmir.ru/product/index/id/3244580/
41934,Конструктор LEGO Dots Браслет Звёздное небо ,529,349,https://www.detmir.ru/product/index/id/3405566/
10871,Конструктор LEGO Аэропорт DUPLO Town (10871),1999,1579,https://www.detmir.ru/product/index/id/3018889/
76176,Конструктор LEGO Super Heroes Побег от Десяти колец ,2799,1629,https://www.detmir.ru/product/index/id/3594627/
75306,Конструктор LEGO Star Wars Имперский разведывательный дроид ,6999,4689,https://www.detmir.ru/product/index/id/3594634/
71372,Конструктор LEGO Super Mario Марио-кот ,899,569,https://www.detmir.ru/product/index/id/3244582/
60248,Конструктор LEGO City Fire Пожарный спасательный вертолет ,1999,1269,https://www.detmir.ru/product/index/id/3226666/
41939,Конструктор LEGO Dots Брелок для сумки Дракон ,549,359,https://www.detmir.ru/product/index/id/3596842/
60308,Конструктор LEGO City Police Операция береговой полиции и пожарных ,3599,3399,https://www.detmir.ru/product/index/id/3620628/
41252,Конструктор LEGO Trolls Путешествие Розочки на воздушном шаре ,2999,1819,https://www.detmir.ru/product/index/id/3234225/
70685,Конструктор LEGO Ninjago Шквал Кружитцу-Коул ,799,749,https://www.detmir.ru/product/index/id/3244593/
43115,Конструктор LEGO VIDIYO The Boombox (Бумбокс) ,8999,4499,https://www.detmir.ru/product/index/id/3599725/
41671,Конструктор LEGO Friends Кьюб Андреа для плавания ,749,439,https://www.detmir.ru/product/index/id/3596778/
41918,Конструктор LEGO Dots Браслеты Приключения ,549,399,https://www.detmir.ru/product/index/id/3244528/
75295,Конструктор LEGO Star Wars Микрофайтеры Сокол тысячелетия ,899,559,https://www.detmir.ru/product/index/id/3405640/
41663,Конструктор LEGO Friends Кьюб Эммы с далматинцем ,749,449,https://www.detmir.ru/product/index/id/3405557/
43111,Конструктор LEGO VIDIYO Candy Castle Stage (Сцена карамельного замка) ,2499,1509,https://www.detmir.ru/product/index/id/3599721/
41662,Конструктор LEGO Friends Кьюб Оливии с фламинго ,749,449,https://www.detmir.ru/product/index/id/3405556/
11006,Конструктор LEGO Classic Синий ,399,309,https://www.detmir.ru/product/index/id/3226568/
10958,Конструктор LEGO DUPLO Classic Веселый день рождения ,5499,4999,https://www.detmir.ru/product/index/id/3475282/
10900,Конструктор LEGO DUPLO Town Полицейский мотоцикл ,749,469,https://www.detmir.ru/product/index/id/3142021/
75272,Конструктор LEGO Star Wars Истребитель Сид ситхов ,6309,3829,https://www.detmir.ru/product/index/id/3226725/
43104,Конструктор LEGO Vidiyo Битбокс Диджея Пришельца ,1499,749,https://www.detmir.ru/product/index/id/3498477/
75271,Конструктор LEGO Star Wars Спидер Люка Сайуокера ,2799,1739,https://www.detmir.ru/product/index/id/3226724/
10714,Конструктор LEGO Синяя базовая пластина Classic (10714),599,369,https://www.detmir.ru/product/index/id/3018899/
41933,Конструктор LEGO Dots Браслет Музыка ,499,419,https://www.detmir.ru/product/index/id/3405576/
41664,Конструктор LEGO Friends Кьюб Мии с мопсом ,749,459,https://www.detmir.ru/product/index/id/3405558/
41902,Набор для творчества LEGO DOTS Браслет Сверкающий единорог ,489,,https://www.detmir.ru/product/index/id/3239910/
10906,Конструктор LEGO DUPLO Town Тропический остров ,4799,,https://www.detmir.ru/product/index/id/3175845/
71371,Конструктор LEGO Super Mario Марио-вертолет ,899,689,https://www.detmir.ru/product/index/id/3244581/
41693,Конструктор LEGO Friends Серферский дом на берегу ,6199,,https://www.detmir.ru/product/index/id/3620624/
43109,Конструктор LEGO VIDIYO Metal Dragon BeatBox (Битбокс Дракона-Металлиста) ,1499,749,https://www.detmir.ru/product/index/id/3599719/
75305,Конструктор LEGO Star Wars Шлем пехотинца-разведчика ,4999,3599,https://www.detmir.ru/product/index/id/3594633/
43113,Конструктор LEGO VIDIYO K-Pawp Concert (Концерт в стиле К-поп) ,4499,2399,https://www.detmir.ru/product/index/id/3599723/
41921,Конструктор LEGO Dots Тайлы — серия 3 ,299,269,https://www.detmir.ru/product/index/id/3405561/
41396,Конструктор LEGO Friends Игровая площадка для щенков ,799,519,https://www.detmir.ru/product/index/id/3226606/
76149,Конструктор LEGO Super Heroes Угрозы Мистерио ,2999,2699,https://www.detmir.ru/product/index/id/3226744/
31089,Конструктор LEGO Creator Гоночный автомобиль Оранжевый ,1799,1619,https://www.detmir.ru/product/index/id/3144097/
43197,Конструктор LEGO Disney Princess Ледяной замок ,19699,12999,https://www.detmir.ru/product/index/id/3596882/
41669,Конструктор LEGO Friends Футбольный кьюб Мии ,749,429,https://www.detmir.ru/product/index/id/3596776/
71024,Конструктор LEGO Minifigures Серия Disney 2 ,249,199,https://www.detmir.ru/product/index/id/3166176/
42131,Конструктор LEGO Technic Бульдозер Cat D11T ,,40999,https://www.detmir.ru/product/index/id/3596877/
71373,Конструктор LEGO Super Mario Марио-строитель ,899,749,https://www.detmir.ru/product/index/id/3244583/
75277,Конструктор LEGO Star Wars TM Шлем Бобы Фетта ,5969,3619,https://www.detmir.ru/product/index/id/3244615/
76154,Конструктор LEGO Super Heroes Засада Девиантов ,1499,,https://www.detmir.ru/product/index/id/3405597/
42126,Конструктор LEGO Technic Ford F-150 Raptor ,13999,9799,https://www.detmir.ru/product/index/id/3596844/
76159,Конструктор LEGO Super Heroes Побег Джокера на трицикле ,4699,3239,https://www.detmir.ru/product/index/id/3244562/
43107,Конструктор LEGO Vidiyo Битбокс Хип-Хоп Робота ,1499,749,https://www.detmir.ru/product/index/id/3498481/
76122,Конструктор LEGO DC Super Heroes Вторжение Глиноликого в бэт-пещеру ,8499,7649,https://www.detmir.ru/product/index/id/3176016/
60298,Конструктор LEGO City Stunt 0 ,599,,https://www.detmir.ru/product/index/id/3596888/
75249,Конструктор LEGO Star Wars Episode IX Звездный истребитель повстанцев типа Y ,6499,3899,https://www.detmir.ru/product/index/id/3200887/
